subjectId,الاسم في الملف (خطأ),وحدات,دروس,المادة (مقترحة),ثقة,الصف — املأه,عينة وحدات
1158,مدخل علم الاقتصاد,6,24,الاجتماعيات,22,,مدخل علم الاقتصاد | المشكلة الاقتصادية | العرض والطلب | التنمية الاقتصادية | التجارة الدولية
1150,أساسيات الإدارة,7,32,الاجتماعيات,7,,أساسيات الإدارة | التخطيط | التنظيم | المنشآت الصغيرة | الاتصال الإداري
3578,تنمية الوعي المجتمعي و الولاء الوطني,5,24,الاجتماعيات,3,,تنمية الوعي المجتمعي و الولاء الوطني | مهارات استثمار الوقت | مهارات تدعيم الاستقرار الأسري و تفعيل الأدوار و المسؤوليات | مهارات التفكير | المهارات الشخصية و الاجتماعية
110,التوعية الصحية1,10,30,التربية الصحية والبدنية,9,,التوعية الصحية1 | المهارات الحياتية1 | المهارات الأسرية | الأمن والسلامة | الغذاء والتغذية1
182,التوعية الصحية1,10,32,التربية الصحية والبدنية,9,,التوعية الصحية1 | المهارات الحياتية1 | المهارات الأسرية | الأمن والسلامة | الغذاء والتغذية1
4244,المهارات الحياتية,10,30,التربية الصحية والبدنية,9,,المهارات الحياتية | المهارات الأسرية | الغذاء والتغذية | التوعية الصحية | الأمن والسلامة
4301,المهارات الحياتية1,10,32,التربية الصحية والبدنية,9,,المهارات الحياتية1 | المهارات الأسرية | العناية الملبسية | التوعية الصحية | الغذاء والتغذية
241,التوعية الصحية1,10,31,التربية الصحية والبدنية,8,,التوعية الصحية1 | المهارات الحياتية1 | المهارات الاجتماعية | الأمن والسلامة | الغذاء والتغذية1
364,صحتي وسلامتي1,7,14,التربية الصحية والبدنية,8,,صحتي وسلامتي1 | وقتي1 | شخصيتي1 | غذائي | صحتي وسلامتي
4020,المهارات الحياتية,10,31,التربية الصحية والبدنية,8,,المهارات الحياتية | المهارات الأسرية | الغذاء والتغذية | التوعية الصحية | العناية الملبسية
4402,صحتي وسلامتي,7,14,التربية الصحية والبدنية,8,,صحتي وسلامتي | شخصيتي | وقتي | صحتي وسلامتي1 | وقتي1
1481,الغذاء و التغذية,7,19,التربية الصحية والبدنية,6,,الغذاء و التغذية | الصحة العامة | التجميل | الأمومة و الطفولة | الثقافة الملبسية
338,صحتي وسلامتي1,6,13,التربية الصحية والبدنية,4,,صحتي وسلامتي1 | شخصيتي1 | غذائي | صحتي و سلامتي | شخصيتي
4396,صحتي و سلامتي,6,13,التربية الصحية والبدنية,4,,صحتي و سلامتي | شخصيتي | وقتي | صحتي وسلامتي1 | شخصيتي1
301,صحتي وسلامتي1,7,14,التربية الصحية والبدنية,3,,صحتي وسلامتي1 | شخصيتي1 | وقتي1 | غذائي | صحتي وسلامتي
408,صحتي وسلامتي1,9,20,التربية الصحية والبدنية,3,,صحتي وسلامتي1 | مهاراتي في الحياة1 | بيئتي | غذائي1 | صحتي وسلامتي
555,صحتي وسلامتي1,9,16,التربية الصحية والبدنية,3,,صحتي وسلامتي1 | مهاراتي في الحياة | مجتمعي | غذائي1 | صحتي و سلامتي
4157,صحتي و سلامتي,9,16,التربية الصحية والبدنية,3,,صحتي و سلامتي | مسكني | ملبسي | غذائي | مجتمعي
4624,صحتي وسلامتي,7,14,التربية الصحية والبدنية,3,,صحتي وسلامتي | شخصيتي | وقتي | صحتي وسلامتي1 | شخصيتي1
273,صحتي وسلامتي,9,50,التربية الصحية والبدنية,2,,صحتي وسلامتي | ألعابي وهواياتي | صحتي وغذائي | حيوانات | مناسبات
485,صحتي وسلامتي1,10,16,التربية الصحية والبدنية,2,,صحتي وسلامتي1 | مهاراتي في الحياة1 | بيئتي | ملبسي | غذائي1
4066,صحتي وسلامتي,10,16,التربية الصحية والبدنية,2,,صحتي وسلامتي | مسكني | ملبسي | غذائي | مجتمعي
4635,أسرتي,9,50,التربية الصحية والبدنية,2,,أسرتي | مدرستي | التهيئة والاستعداد | صحتي وسلامتي | ألعابي وهواياتي
544,مجال الرسم1,9,16,التربية الفنية,13,,مجال الرسم1 | مجال الزخرفة1 | مجال أشغال المعادن | مجال أشغال الخشب | مجال النسيج
4172,مجال الرسم,9,16,التربية الفنية,13,,مجال الرسم | مجال الزخرفة | مجال الطباعة | مجال الرسم1 | مجال الخزف
333,مجال الرسم والتلوين,8,21,التربية الفنية,11,,مجال الرسم والتلوين | مجال الزخرفة | مجال التشكيل المباشر بالخامات | مجال التشكيل بالخزف | مجال الرسم
4395,مجال الرسم,8,21,التربية الفنية,11,,مجال الرسم | مجال الرسم الزخرفي | مجال الرسم والتلوين | مجال النسيج | مجال الطباعة
105,مجال الرسم1,9,17,التربية الفنية,10,,مجال الرسم1 | مجال التشكيل بالخزف | مجال أشغال المعادن1 | مجال أشغال الخشب | مجال الطباعة
4239,مجال الرسم,9,17,التربية الفنية,10,,مجال الرسم | مجال الزخرفة | مجال الرسم1 | مجال التشكيل بالخزف | مجال أشغال الخشب
359,مجال الرسم1,8,18,التربية الفنية,9,,مجال الرسم1 | مجال الزخرفة1 | مجال التشكيل المباشر بالخامات | مجال التشكيل بالخزف | مجال الرسم
398,مجال الرسم1,9,19,التربية الفنية,9,,مجال الرسم1 | مجال الزخرفة1 | مجال أشغال المعادن | مجال أشغال الخشب | مجال النسيج
4401,مجال الرسم,8,18,التربية الفنية,9,,مجال الرسم | مجال الزخرفة | مجال الطباعة | مجال الرسم1 | مجال النسيج
4643,مجال الرسم,9,19,التربية الفنية,9,,مجال الرسم | مجال الزخرفة | مجال الطباعة | مجال الرسم1 | مجال الزخرفة1
235,مجال الرسم1,9,13,التربية الفنية,8,,مجال الرسم1 | مجال الزخرفة1 | مجال المعادن | مجال أشغال الخشب | فن رسوم الكرتون (الكاريكاتير)
297,مجال الرسم1,8,23,التربية الفنية,8,,مجال الرسم1 | مجال الزخرفة1 | مجال الطباعة1 | مجال التشكيل المباشر بالخامات | مجال الرسم
476,مجال الرسم1,9,20,التربية الفنية,8,,مجال الرسم1 | مجال الزخرفة1 | مجال أشغال المعادن | مجال أشغال الخشب | مجال النسيج
4013,مجال الرسم,9,13,التربية الفنية,8,,مجال الرسم | مجال الزخرفة | مجال الطباعة | مجال الرسم1 | مجال الزخرفة1
4071,مجال الرسم,9,20,التربية الفنية,8,,مجال الرسم | مجال الزخرفة | مجال الطباعة | مجال الرسم1 | مجال الزخرفة1
4637,مجال الرسم,8,23,التربية الفنية,8,,مجال الرسم | مجال الزخرفة | مجال الرسم1 | مجال الطباعة | مجال التشكيل المسطح والمجسم
176,مجال الرسم والتلوين,9,20,التربية الفنية,7,,مجال الرسم والتلوين | مجال الزخرفة1 | مجال أشغال المعادن | مجال أشغال الخشب | مجال النسيج
4295,مجال الرسم,9,20,التربية الفنية,7,,مجال الرسم | مجال الزخرفة | مجال الطباعة | مجال الرسم والتلوين | مجال الزخرفة1
3643,الفن الحديث والمدارس الفنية,11,16,التربية الفنية,6,,الفن الحديث والمدارس الفنية | علم المنظور والألوان وتأثيرها النفسي والنسبة الذهبية | إنتاج اللوحات الفنية | الفن وضرورته للإنسان | الطباعة اليدوية
1074,أمن المعلومات والبيانات والإنترنت,7,52,الحاسب والتقنية,17,,أمن المعلومات والبيانات والإنترنت | الشبكات السلكية واللاسلكية والإنترنت | الخدمات الإلكترونية | مهن وتخصصات الحاسب | عمارة الحاسب
4446,مهارة البحث العلمي,7,34,الحاسب والتقنية,10,,مهارة البحث العلمي | مهارة تنظيم أوعية المعلومات | تقنية المعلومات | مصادر المعلومات | مهارات التعرف على المعلومات
1066,تقنيات التحكم الرقمي والروبوت,7,59,الحاسب والتقنية,9,,تقنيات التحكم الرقمي والروبوت | البرمجة بلغة (فيجول بيسك ستوديو) | الوسائط المتعددة | المصادر الحرة | تصميم وإدارة المواقع والشبكات الاجتماعية
1375,البيئة والدوائر الرقمية,6,43,الحاسب والتقنية,8,,البيئة والدوائر الرقمية | التصميم بالحاسب | قواعد المعلومات والموسوعات والمكتبات الرقمية | الحوسبة السحابية وتطبيقاتها | مشروعات ودراسات حاسوبية
3972,أتعلم من التقنية (توظيف التقنية للتعلم والتعليم),2,10,الحاسب والتقنية,3,,أتعلم من التقنية (توظيف التقنية للتعلم والتعليم) | (الروبوت صديقي) الأجهزة الذكية والروبوت
1489,سورة الفاتحة,12,41,الدراسات الإسلامية,43,,سورة الفاتحة | مدخل التفسير | سورة الإسراء | سورة الأنفال | سورة النحل
3007,دراسات إسلامية - فقه,6,119,الدراسات الإسلامية,30,,دراسات إسلامية - فقه | دراسات إسلامية - حديث | دراسات إسلامية - تفسير | دراسات إسلامية - توحيد | القرآن الكريم
1301,الوحدة الأولى,10,44,الدراسات الإسلامية,27,,الوحدة الأولى | الوحدة الثانية | الوحدة الثالثة | الوحدة الرابعة | الوحدة الخامسة
1521,مصطلح الحديث,3,35,الدراسات الإسلامية,26,,مصطلح الحديث | الأحاديث | نماذج تطبيقية
3006,دراسات إسلامية - فقه,6,129,الدراسات الإسلامية,22,,دراسات إسلامية - فقه | دراسات إسلامية - حديث | دراسات إسلامية - تفسير | دراسات إسلامية - توحيد | القرآن الكريم
606,نماذج تطبيقية,3,29,الدراسات الإسلامية,19,,نماذج تطبيقية | الأحاديث | السنة النبوية
3002,دراسات إسلامية - توحيد,4,90,الدراسات الإسلامية,13,,دراسات إسلامية - توحيد | دراسات إسلامية - الفقه والسلوك | القرآن الكريم | القرآن الكريم (التحفيظ)
3000,دراسات إسلامية - توحيد,4,89,الدراسات الإسلامية,12,,دراسات إسلامية - توحيد | دراسات إسلامية - الفقه والسلوك | القرآن الكريم | القرآن الكريم (التحفيظ)
3003,دراسات إسلامية - توحيد,5,101,الدراسات الإسلامية,10,,دراسات إسلامية - توحيد | دراسات إسلامية  - الحديث والسيرة | دراسات إسلامية - الفقه | القرآن الكريم | القرآن الكريم (التحفيظ)
3001,دراسات إسلامية - توحيد,4,85,الدراسات الإسلامية,8,,دراسات إسلامية - توحيد | دراسات إسلامية - الفقه والسلوك | القرآن الكريم | القرآن الكريم (التحفيظ)
3004,دراسات إسلامية - توحيد,6,205,الدراسات الإسلامية,8,,دراسات إسلامية - توحيد | دراسات إسلامية - الحديث والسيرة | دراسات إسلامية - الفقه | القرآن الكريم | القرآن الكريم (التحفيظ)
1141,الأدب القديم,2,37,الدراسات الإسلامية,7,,الأدب القديم | الأدب الحديث
3005,دراسات إسلامية - توحيد,6,185,الدراسات الإسلامية,7,,دراسات إسلامية - توحيد | دراسات إسلامية - الحديث والسيرة | دراسات إسلامية - الفقه | القرآن الكريم | القرآن الكريم (التحفيظ)
912,أحكام وآداب القضاء,6,40,الدراسات الإسلامية,6,,أحكام وآداب القضاء | فقه النوازل | البحث الفقهي | خصائص التشريع الإسلامي ومميزاته | القواعد الفقهية
1293,الخيار والعقود المسماة,16,34,الدراسات الإسلامية,3,,الخيار والعقود المسماة | توثيق الديون ونقلها | مبادئ علم أصول الفقه والحكم | تفصيل أحكام الورثة في الميراث | الحكم الشرعي
1503,الشركات,10,44,الدراسات الإسلامية,2,,الشركات | أحكام النكاح | الجنايات | الفرقة الزوجية | مقدمة في الفقه
309,آداب وسلوك,8,24,الدراسات الإسلامية,1,,آداب وسلوك | آداب التعامل | اتصالات ومواصلات | أحب العمل | أقاربي
1312,الإيمان,8,24,الدراسات الإسلامية,1,,الإيمان | الإيمان بالله تعالى | الإيمان بالملائكة عليهم السلام | الإيمان بالكتب | الإيمان بالرسل عليهم السلام
1420,المهارات الوظيفية (2),4,15,الدراسات الإسلامية,1,,المهارات الوظيفية (2) | المهارات الوظيفية (1) | السلوك الوظيفي | ثقافة العمل
4441,أقاربي,8,24,الدراسات الإسلامية,1,,أقاربي | أصدقائي وجيراني | آداب وسلوك | وطني السعودية | محاصيل من بلادي
4391,وحدة تعزيز المهارات,11,113,الرياضيات,69,,وحدة تعزيز المهارات | الجبر : الأعداد النسبية | الاحتمالات | الإحصاء | الأعداد الحقيقية ونظرية فيثاغورس
4223,الجبر و الدوال,9,85,الرياضيات,37,,الجبر و الدوال | الأعداد الصحيحة | الجبر : المعادلات الخطية والدوال | تطبيقات النسبة المئوية | الإحصاء
528,العمليات على الكسور الاعتيادية,10,94,الرياضيات,35,,العمليات على الكسور الاعتيادية | النسبة والتناسب | النسب المئوية والاحتمالات | الهندسة: الزوايا والمضلعات | القياس: المحيط والمساحة والحجم
4049,القيمة المنزلية,12,113,الرياضيات,35,,القيمة المنزلية | الجمع والطرح | الضرب | القسمة | الإحصاء والاحتمال
277,الطرح,13,97,الرياضيات,32,,الطرح | طرائق الجمع والطرح | القيمة المنزلية | القياس | أنماط الأعداد
4141,الجبر: الأنماط العددية والدوال,10,94,الرياضيات,31,,الجبر: الأنماط العددية والدوال | الإحصاء والتمثيلات البيانية | العمليات على الكسور العشرية | العمليات على الكسور الاعتيادية | النسبة والتناسب
459,الإحصاء والاحتمال,12,113,الرياضيات,30,,الإحصاء والاحتمال | القواسم والمضاعفات | جمع الكسور وطرحها | وحدات القياس | الأشكال الهندسية
4399,القيمة المنزلية,11,99,الرياضيات,29,,القيمة المنزلية | الجمع | الطرح | القسمة (1) | القسمة (2)
423,القسمة (1),11,99,الرياضيات,24,,القسمة (1) | القسمة (2) | القياس | الأشكال الهندسية | عرض البيانات وتفسيرها
4393,القيمة المنزلية حتى 100 والأنماط,13,117,الرياضيات,24,,القيمة المنزلية حتى 100 والأنماط | طرائق الجمع | طرائق الطرح | تمثيل البيانات وقراءتها | القياس: النقود والزمن
4690,القيمة المنزلية,12,111,الرياضيات,23,,القيمة المنزلية | الجمع والطرح | تنظيم البيانات وعرضها وتفسيرها | الأنماط والجبر | القسمة على عدد من رقم واحد
90,تطبيقات النسبة المئوية,9,85,الرياضيات,21,,تطبيقات النسبة المئوية | الإحصاء | الاحتمال | الهندسة: المضلعات | القياس: الأشكال الثنائية الأبعاد و الثلاثية الأبعاد
3822,الإحداثيات القطبية والأعداد المركبة,8,57,الرياضيات,21,,الإحداثيات القطبية والأعداد المركبة | الاحتمال والإحصاء | النهايات والاشتقاق | تحليل الدوال | العلاقات والدوال الأسية واللوغاريتمية
3827,الإحداثيات القطبية والأعداد المركبة,8,57,الرياضيات,21,,الإحداثيات القطبية والأعداد المركبة | الاحتمال والإحصاء | النهايات والاشتقاق | تحليل الدوال | العلاقات والدوال الأسية واللوغاريتمية
314,القياس: النقود والزمن,13,117,الرياضيات,20,,القياس: النقود والزمن | الكسور | الاعداد حتى 1000 | الأشكال الهندسية | القياس: الطول والمساحة
383,القسمة على عدد من رقم واحد,12,111,الرياضيات,20,,القسمة على عدد من رقم واحد | الأشكال الهندسية والاستدلال المكاني | القياس | الكسور الاعتيادية | الكسور العشرية
1120,كثيرات الحدود,11,98,الرياضيات,20,,كثيرات الحدود | التحليل والمعادلات التربيعية | الدوال التربيعية | المعادلات الجذرية والمثلثات | الإحصاء والاحتمال
1215,الدوال و المتباينات,8,74,الرياضيات,19,,الدوال و المتباينات | المصفوفات | كثيرات الحدود و دوالها | العلاقات و الدوال العكسية و الجذرية | العلاقات و الدوال النسبية
1220,الدوال و المتباينات,8,74,الرياضيات,19,,الدوال و المتباينات | المصفوفات | كثيرات الحدود و دوالها | العلاقات و الدوال العكسية و الجذرية | العلاقات و الدوال النسبية
4688,المقارنة والتصنيف,13,97,الرياضيات,19,,المقارنة والتصنيف | الأعداد حتى 5 | الموقع والنمط | الأعداد حتى 10 | الطرح
3997,وحدة تعزيز المهارات,11,98,الرياضيات,18,,وحدة تعزيز المهارات | المعادلات الخطية | العلاقات والدوال الخطية | الدوال الخطية | المتباينات الخطية
160,الإحصاء,11,113,الرياضيات,17,,الإحصاء | الاحتمالات | القياس: المساحة والحجم | الجبر (المعادلات والمتباينات) | الجبر: الدوال الخطية
1205,التشابه,8,73,الرياضيات,4,,التشابه | التحويلات الهندسية و التماثل | الدائرة | التبرير و البرهان | التوازي و التعامد
1210,التشابه,8,73,الرياضيات,4,,التشابه | التحويلات الهندسية و التماثل | الدائرة | التبرير و البرهان | التوازي و التعامد
284,النباتات من حولنا,6,22,العلوم,39,,النباتات من حولنا | الحيوانات ومساكنها | المادة | أرضنا | الطقس
4695,النباتات من حولنا,6,22,العلوم,39,,النباتات من حولنا | الحيوانات ومساكنها | المادة | أرضنا | الطقس
390,المخلوقات الحية,8,35,العلوم,36,,المخلوقات الحية | الفضاءُ | المادة | القوى والطاقة | الأنظمة البيئية
4692,المخلوقات الحية,8,35,العلوم,36,,المخلوقات الحية | الفضاءُ | المادة | القوى والطاقة | الأنظمة البيئية
534,تنوع الحياة,6,24,العلوم,35,,تنوع الحياة | عمليات الحياة | الفضاء | الأنظمة البيئية ومواردها | المادة
4147,تنوع الحياة,6,24,العلوم,35,,تنوع الحياة | عمليات الحياة | الفضاء | الأنظمة البيئية ومواردها | المادة
429,المخلوقات الحية,6,25,العلوم,34,,المخلوقات الحية | النظام البيئي | الطقس و المناخ | الأرض و مواردها | المادة
4400,المخلوقات الحية,6,25,العلوم,34,,المخلوقات الحية | النظام البيئي | الطقس و المناخ | الأرض و مواردها | المادة
95,العلم وتفاعلات الأجسام,6,28,العلوم,31,,العلم وتفاعلات الأجسام | طبيعة المادة | ما وراء الأرض | سطح الأرض المتغير | تباين الحياة
4228,العلم وتفاعلات الأجسام,6,28,العلوم,31,,العلم وتفاعلات الأجسام | طبيعة المادة | ما وراء الأرض | سطح الأرض المتغير | تباين الحياة
166,دراسة المادة,7,73,العلوم,30,,دراسة المادة | المادة و الطاقة | أجهزة جسم الانسان -2 | أجهزة جسم الإنسان | النباتات وموارد البيئة
4124,دراسة المادة,7,73,العلوم,30,,دراسة المادة | المادة و الطاقة | أجهزة جسم الانسان -2 | أجهزة جسم الإنسان | النباتات وموارد البيئة
1121,طبيعة العلم و تغيرات الأرض,6,28,العلوم,29,,طبيعة العلم و تغيرات الأرض | أسس الحياة | كيمياء المادة | الروابط والتفاعلات الكيميائية | الحركة والقوة
4003,طبيعة العلم و تغيرات الأرض,6,28,العلوم,29,,طبيعة العلم و تغيرات الأرض | أسس الحياة | كيمياء المادة | الروابط والتفاعلات الكيميائية | الحركة والقوة
323,النباتات والحيوانات,6,24,العلوم,28,,النباتات والحيوانات | المواطن | الفضاء | أرضنا | المادة
4394,النباتات والحيوانات,6,24,العلوم,28,,النباتات والحيوانات | المواطن | الفضاء | أرضنا | المادة
466,تنوع الحياة,6,24,العلوم,26,,تنوع الحياة | الأنظمة البيئية | الطقس | الأرض ومواردها | المادة
4056,تنوع الحياة,6,24,العلوم,26,,تنوع الحياة | الأنظمة البيئية | الطقس | الأرض ومواردها | المادة
1422,شوكيات الجلد واللافقاريات الحبلية,19,47,العلوم,22,,شوكيات الجلد واللافقاريات الحبلية | الأسماك والبرمائيات | الزواحف والطيور | الثدييات | مقدمة في النباتات
3898,شوكيات الجلد واللافقاريات الحبلية,19,47,العلوم,22,,شوكيات الجلد واللافقاريات الحبلية | الأسماك والبرمائيات | الزواحف والطيور | الثدييات | مقدمة في النباتات
1408,مقدمة في الكيمياء,5,20,العلوم,13,,مقدمة في الكيمياء | التفاعلات الكيميائية | المول | تركيب الذرة | المادة - الخواص والتغيرات
1425,الحث الكهرومغناطيسي,18,41,العلوم,12,,الحث الكهرومغناطيسي | الكهرومغناطيسية | نظرية الكم | الذرة | إلكترونيات الحالة الصلبة
3792,الحث الكهرومغناطيسي,18,41,العلوم,12,,الحث الكهرومغناطيسي | الكهرومغناطيسية | نظرية الكم | الذرة | إلكترونيات الحالة الصلبة
3832,الحث الكهرومغناطيسي,18,41,العلوم,12,,الحث الكهرومغناطيسي | الكهرومغناطيسية | نظرية الكم | الذرة | إلكترونيات الحالة الصلبة
1424,المجموعة الشمسية,12,36,العلوم,11,,المجموعة الشمسية | البيئة الفضائية | الأجهزة الفلكية | الأحافير والتأريخ الصخري | الطاقة ومصادرها
1339,مدخل إلى علم الفيزياء,7,20,العلوم,10,,مدخل إلى علم الفيزياء | الحركة المتسارعة | القوى في بعد واحد | الحركة في بعدين | القوى في بعدين
1423,الحاسبات الكيميائية,13,52,العلوم,6,,الحاسبات الكيميائية | الإلكترونات في الذرات | الجدول الدوري والتدرج في خواص العناصر | المركبات الأيونية والفلزات | الروابط التساهمية
3801,الحاسبات الكيميائية,13,52,العلوم,6,,الحاسبات الكيميائية | الإلكترونات في الذرات | الجدول الدوري والتدرج في خواص العناصر | المركبات الأيونية والفلزات | الروابط التساهمية
3888,الحاسبات الكيميائية,13,52,العلوم,6,,الحاسبات الكيميائية | الإلكترونات في الذرات | الجدول الدوري والتدرج في خواص العناصر | المركبات الأيونية والفلزات | الروابط التساهمية
1328,البكتيريا والفيروسات,8,20,العلوم,4,,البكتيريا والفيروسات | الطلائعيات | الفطريات | مدخل إلى الحيوانات | الديدان والرخويات
208,(أتحكم بحاسوبي) البرمجة والتحكم بالحاسب,1,7,العلوم,2,,(أتحكم بحاسوبي) البرمجة والتحكم بالحاسب
354,مكارم الأخلاق,8,24,العلوم,2,,مكارم الأخلاق | أحب العمل | من علماء المسلمين | البحار والمحيطات | التعامل مع الآخرين
3008,دراسات إسلامية - فقه,6,118,العلوم,2,,دراسات إسلامية - فقه | دراسات إسلامية - حديث | دراسات إسلامية - تفسير | دراسات إسلامية - توحيد | القرآن الكريم
3909,مبادئ علم البيئة,5,13,العلوم,2,,مبادئ علم البيئة | المجتمعات والمناطق الحيوية والنظمة البيئية | علم بيئة الجماعات الحيوية | التنوع الحيوي والمحافظة عليه | سلوك الحيوان
4442,التعامل مع الآخرين,8,24,العلوم,2,,التعامل مع الآخرين | ربوع من بلادي | مكارم الأخلاق | أخلاق المسلم | وسائل الاتصالات
1266,Did You Hurt Yourself?,12,84,اللغة الإنجليزية,99,,"Did You Hurt Yourself? | Take My Advice | You’ve Got Mail | WISHFUL THINKING | COMPLAINS,COMPLAINS"
1269,Connected by Technology,12,84,اللغة الإنجليزية,99,,Connected by Technology | Crime Doesn’t Pay | Far and Away | TV Around the World | Working 9 to 5
1273,Two Is Better Than One,12,84,اللغة الإنجليزية,99,,Two Is Better Than One | Influential  people | What Will They Think of Next? | The World of TV | Do You Really Need It?
3734,Things we do,10,41,اللغة الإنجليزية,99,,Things we do | Things we wear | Feelings | My House | My Things
3747,Things we do,10,41,اللغة الإنجليزية,99,,Things we do | Things we wear | Feelings | My House | My Things
3749,It's Nice to Meet You!,12,48,اللغة الإنجليزية,99,,It's Nice to Meet You! | Sea Animals | Sports and Activities | Chores | FUN ON THE WEEKEND
3750,WHAT DO YOU DO,16,96,اللغة الإنجليزية,99,,WHAT DO YOU DO | WHAT’S SCHOOL LIKE | WHAT TIME DO YOU GET UP? | WHAT CAN YOU DO THERE? | WHAT ARE YOU GOING TO WEAR THERE ?
3751,LET’S GO OUT,16,96,اللغة الإنجليزية,99,,LET’S GO OUT | IT’S A  BARGAIN | THERE’S NO COMPARISON | IT’S GOING TO BE FUN | ?WHAT’S THE WEATHER LIKE
3752,"IT’S A GOOD DEAL , ISN’T IT?",12,72,اللغة الإنجليزية,99,,"IT’S A GOOD DEAL , ISN’T IT? | DRIVE SLOWLY | ALL KINDS OF PEOPLE | WHO USED MY TOOTHPASTE ? | MAKING CHOICES"
3927,Did You Hurt Yourself?,12,84,اللغة الإنجليزية,99,,"Did You Hurt Yourself? | Take My Advice | You’ve Got Mail | WISHFUL THINKING | COMPLAINS,COMPLAINS"
3938,Two Is Better Than One,12,84,اللغة الإنجليزية,99,,Two Is Better Than One | Influential  people | What Will They Think of Next? | The World of TV | Do You Really Need It?
3942,Two Is Better Than One,12,84,اللغة الإنجليزية,99,,Two Is Better Than One | Influential  people | What Will They Think of Next? | The World of TV | Do You Really Need It?
3971,Connected by Technology,12,84,اللغة الإنجليزية,99,,Connected by Technology | Crime Doesn’t Pay | Far and Away | TV Around the World | Working 9 to 5
4992,Lifestyles,12,72,اللغة الإنجليزية,99,,"Lifestyles | Life Stories | ?When Are You Traveling | ?What Do I Need to Buy | IT’S A GOOD DEAL , ISN’T IT?"
4996,?Are You Here On Vacation,16,96,اللغة الإنجليزية,99,,?Are You Here On Vacation | What Are They Making | Who's Who | Favorite Pastimes | ?Is there any Ice Cream
4998,Good Morning,16,96,اللغة الإنجليزية,99,,"Good Morning | What Day Is Today | What's That? | Around the World | Families, Families"
86,الحياة الاجتماعية,6,88,اللغة العربية,22,,الحياة الاجتماعية | البيئة والصحة | حرف وهوايات | القيم الإسلامية | الأعلام
4641,صحتي وبيئتي,2,57,اللغة العربية,21,,صحتي وبيئتي | آداب وواجبات
418,الوطن: ولاء وعطاء,2,45,اللغة العربية,19,,الوطن: ولاء وعطاء | اخلاق وفضائل
4219,القيم الإسلامية,6,88,اللغة العربية,19,,القيم الإسلامية | الأعلام | الحياة الاجتماعية | البيئة والصحة | حرف وهوايات
156,حب الوطن,6,97,اللغة العربية,18,,حب الوطن | قضايا الشباب | البيئة الصحية | تقنيات | نوادر وقيم
231,قضايا العمل,6,97,اللغة العربية,18,,قضايا العمل | سموم قاتلة | الثورة المعلوماتية | حقوق وواجبات | أعلام معاصرون
4284,تقنيات,6,97,اللغة العربية,18,,تقنيات | نوادر وقيم | حب الوطن | أعلام سابقون | قضايا الشباب
4959,آداب وواجبات,2,57,اللغة العربية,18,,آداب وواجبات | صحتي وبيئتي
509,الوعي الصحي والاجتماعي,2,44,اللغة العربية,17,,الوعي الصحي والاجتماعي | قدوات و مثل عليا
4170,قدوات و مثل عليا,2,44,اللغة العربية,16,,قدوات و مثل عليا | الوعي الصحي والاجتماعي
3993,حقوق وواجبات,6,97,اللغة العربية,15,,حقوق وواجبات | أعلام معاصرون | قضايا العمل | أمن و ازدهار | سموم قاتلة
628,التوابع والأساليب النحوية,10,36,اللغة العربية,14,,التوابع والأساليب النحوية | قضايا إملائية | القراءة التحليلية الناقدة | الكتابة العلمية | التواصل الإقناعي
4069,اخلاق وفضائل,2,45,اللغة العربية,14,,اخلاق وفضائل | الوطن: ولاء وعطاء
622,التوابع والأساليب النحوية,5,22,اللغة العربية,10,,التوابع والأساليب النحوية | قضايا إملائية | الكتابة العلمية | القراءة التحليلية الناقدة | التواصل الإقناعي
610,متممات الجملة العربية,10,46,اللغة العربية,6,,متممات الجملة العربية | كتابة الهمزة | قراءة النصوص الأدبية | الكتابة الأدبية | الذكاء التواصلي
616,متممات الجملة العربية,10,46,اللغة العربية,6,,متممات الجملة العربية | كتابة الهمزة | قراءة النصوص الأدبية | الكتابة الأدبية | الذكاء التواصلي
1144,دراسات نقدية,2,33,اللغة العربية,2,,دراسات نقدية | دراسات بلاغية
1147,دراسات في اللغة الإنسانية,2,9,اللغة العربية,2,,دراسات في اللغة الإنسانية | دراسات في اللغة العربية
1283,النمو الإنساني,9,20,المهارات الحياتية,8,,النمو الإنساني | المهارات النفسية الاجتماعية | ماهية علم النفس وعلم الاجتماع | التفكير | التعلم
1297,مهارة التخطيط ومهارة تحليل المشكلات واتخاذ القرارات,3,40,المهارات الحياتية,4,,مهارة التخطيط ومهارة تحليل المشكلات واتخاذ القرارات | مهارات البيع و الشراء | السكرتارية ومكننة العمل المكتبي
